id,Count
4987,1836.6440529741442
4988,55.722060627015026
4989,118.4235992615231
4990,268.33588859873686
4991,1307.0333989879452
4992,1468.4871695043696
4993,1109.662633949675
4994,274.28510040481444
4995,1205.1800838552842
4996,344.33354211988905
4997,1073.3473597543687
4998,250.60744069152514
4999,238.16965631823754
5000,292.2649600573375
5001,379.40833739501954
5002,809.3882617858545
5003,737.1519347339109
5004,21.910006719843558
5005,957.2983503883928
5006,651.2729370349631
5007,1231.099959029502
5008,111.98573423793816
5009,61.116111075073746
5010,1068.3038899290918
5011,466.67895086153413
5012,692.7578986391565
5013,-18.68887092200337
5014,1249.345450834891
5015,197.08713061336394
5016,936.1790640509815
5017,121.89397638419753
5018,254.30747144580386
5019,86.52140746206535
5020,43.57775494852887
5021,180.37113687042853
5022,161.41573701120075
5023,617.6322355476059
5024,172.06361421171962
5025,141.99896356080205
5026,709.0754811427415
5027,924.4164208154937
5028,144.85673711409103
5029,1351.209060889686
5030,734.5119419413705
5031,379.5155887654041
5032,189.29618313834254
5033,334.44943421944214
5034,159.22828351371066
5035,227.70216111733924
5036,1416.4996359582703
5037,1025.2574117677348
5038,1124.920581437747
5039,53.993746487978065
5040,1431.5650959106313
5041,258.7052420901416
5042,233.07387131805024
5043,1473.324585095525
5044,750.3019908006886
5045,621.4504372208177
5046,1884.3467190923707
5047,204.1126033039635
5048,744.2886188666449
5049,1004.9450425740478
5050,877.3224425995076
5051,2514.2089961062343
5052,528.1893252881688
5053,1079.4264478469875
5054,1893.4906182485051
5055,222.95788401607786
5056,124.3899219119937
5057,209.1360884735056
5058,960.1088847591827
5059,55.067303741105114
5060,82.96905972101708
5061,315.34175574294477
5062,262.13768105135296
5063,948.6448352722941
5064,531.0695954497371
5065,201.23355860462797
5066,413.6072813957859
5067,42.360454963213556
5068,321.1002945181226
5069,632.7144516880384
5070,2060.3825375152583
5071,419.46508278120933
5072,373.2534705035976
5073,9.763072290018991
5074,940.9755097086987
5075,437.2877230276524
5076,186.55669963766437
5077,704.4813141711867
5078,643.172423445045
5079,1187.0638994739866
5080,250.52040330660205
5081,797.772414424179
5082,222.80478327825415
5083,783.1149565777046
5084,781.8080471498398
5085,1063.9238318036478
5086,728.19292541485
5087,267.2404895576746
5088,986.5410436173535
5089,2265.3539531026972
5090,1724.4908335316904
5091,289.4420526442371
5092,824.2655459902361
5093,138.58917481211685
5094,237.48686339791547
5095,511.3754435752665
5096,1014.064990961846
5097,478.6110605300842
5098,-140.68402616006318
5099,124.1964172173718
5100,190.7338569099188
5101,615.5011376740271
5102,168.60062252870003
5103,1533.6268067446933
5104,170.7390379419107
5105,259.9045333954716
5106,326.23760628735664
5107,1132.3541700539793
5108,127.6079284484199
5109,591.8139418407769
5110,428.877678294044
5111,36.332930725090606
5112,1304.2009752889326
5113,307.1470850931101
5114,-2.938822074962439
5115,147.3934865141013
5116,1963.3553787783685
5117,84.96839811471439
5118,80.10237303270782
5119,188.10491006652052
5120,85.07002275174526
5121,1151.5243105646775
5122,265.9274547641394
5123,6.3400588678510355
5124,309.41384911427366
5125,1617.756830095797
5126,214.41500963450713
5127,221.95014200534592
5128,271.16018677099237
5129,355.94965187847725
5130,1295.3749830112376
5131,1087.8556337310026
5132,268.6624182791994
5133,1620.222248481017
5134,86.7022550504362
5135,311.4100570561597
5136,555.2332025374382
5137,310.86722011891493
5138,780.5071681052146
5139,195.31156113406345
5140,125.13318114205426
5141,227.71420531776766
5142,304.57358348665315
5143,283.80635930258353
5144,307.32907886663446
5145,287.64925258664834
5146,851.293514495089
5147,481.56006856102897
5148,487.11899052078707
5149,830.7961250049964
5150,638.4477978002899
5151,2505.756813607957
5152,54.469490992102
5153,1272.2600326997044
5154,-37.74429450571539
5155,665.3530205489967
5156,592.076050985036
5157,1163.8476361204393
5158,648.8185826838567
5159,315.5443618973389
5160,2244.580984388708
5161,54.55858920474701
5162,1709.0440612272973
5163,109.7055061392998
5164,49.258884619337316
5165,876.6994906337109
5166,885.9715284473314
5167,522.2857873432974
5168,264.33618332760415
5169,1202.9224938665802
5170,1682.9980870248542
5171,258.4397886783921
5172,163.84251917721343
5173,718.7004269907716
5174,205.59778642915032
5175,922.1752350095586
5176,689.3362362922525
5177,1047.3474518683463
5178,1497.8448959333002
5179,318.0388486531193
5180,1396.9140772495375
5181,54.829776804045615
5182,128.36723191084724
5183,363.9112032825389
5184,310.30501505937673
5185,992.697199175609
5186,310.82339185900713
5187,747.9483725229456
5188,1344.980140399027
5189,431.99783476011316
5190,-43.40897257428575
5191,26.70060193520232
5192,827.6993284529252
5193,2255.422344644631
5194,1141.9799862860903
5195,1860.144565575377
5196,603.1290175884088
5197,1123.357469479984
5198,195.0881337604317
5199,1100.1213245181837
5200,1004.0146340731052
5201,105.43136193109073
5202,632.0150826634552
5203,673.3188773394053
5204,2255.0206142692236
5205,306.0352675138144
5206,546.7759559924328
5207,619.409894111335
5208,1131.7752761084
5209,169.79380536255854
5210,1620.2720019290384
5211,786.068640896896
5212,60.831296714947996
5213,-70.86045714061534
5214,1010.5200528185333
5215,1025.2473962678632
5216,184.39322773734568
5217,541.0877018633718
5218,527.8817349666924
5219,1389.8527885820658
5220,923.5606575636206
5221,394.9713126526634
5222,147.49119291181924
5223,1211.7855098095724
5224,1250.7718119247832
5225,585.6535594471012
5226,175.1204058269739
5227,681.1257232567403
5228,152.623615622939
5229,782.3471139907163
5230,1876.7400569110623
5231,1407.8458129465994
5232,607.3725069600193
5233,205.89165554912225
5234,192.1673010095373
5235,167.96762046504927
5236,254.53201028957488
5237,140.02208779277248
5238,227.5630824871131
5239,831.8448925499184
5240,-64.3838500169735
5241,589.1992299354254
5242,205.93889441519707
5243,1384.0789710856263
5244,1581.6377976267433
5245,988.6376220536687
5246,1897.3157289133833
5247,304.9607806397069
5248,602.888985644976
5249,135.5163380254391
5250,976.6695440607466
5251,603.140227821921
5252,1460.8733242328408
5253,467.0880252243705
5254,277.31749467585985
5255,974.0545261581934
5256,1395.6414290252299
5257,162.4318583848497
5258,223.9412679280487
5259,1163.6728299322137
5260,376.32846720500856
5261,1196.1164574007082
5262,267.76077540893425
5263,1714.8824588216087
5264,189.83205327852315
5265,979.2620508902303
5266,1083.7024458960047
5267,560.081158832929
5268,672.1309012093672
5269,1134.593785078491
5270,148.656112330318
5271,601.7035871041458
5272,140.69502136429003
5273,1081.8225456068224
5274,191.2562590839156
5275,1706.1671435058831
5276,150.50316016955412
5277,270.34663341158205
5278,98.9641782835462
5279,1959.034564110372
5280,516.0336436490941
5281,155.25759529069464
5282,345.2501148084295
5283,250.26070233996242
5284,514.9955434774313
5285,588.2775921736163
5286,1096.7154075859905
5287,929.8343732266499
5288,-213.2598273833224
5289,837.984092179151
5290,344.99875526467974
5291,587.3133236663432
5292,202.96803169800629
5293,1607.3478689057865
5294,1900.4236088814143
5295,851.3290395083025
5296,864.2156921243491
5297,268.76610355572
5298,31.036226403903417
5299,285.7147217675133
5300,330.09505169691323
5301,53.92616769172189
5302,198.4551332327925
5303,893.891046618224
5304,700.6973754621987
5305,1170.1490041441273
5306,849.350087393893
5307,297.9396969920629
5308,321.9313425969807
5309,177.59839713815052
5310,98.20033958767732
5311,2617.3717819987396
5312,301.7202431947642
5313,705.977384156451
5314,505.940059281808
5315,750.381385447625
5316,1795.223708871826
5317,844.1650191975667
5318,942.6660307188936
5319,18.31594710990702
5320,1104.3763188472706
5321,874.0770505137859
5322,327.5937708618003
5323,1196.6919323875898
5324,778.480574972599
5325,2107.9978890610546
5326,290.3573683449533
5327,144.37660790201997
5328,96.27235147504607
5329,196.9004183447614
5330,1316.6063985525486
5331,102.63639959872496
5332,103.09637565411752
5333,360.2062119266965
5334,639.9906960954257
5335,629.145917900652
5336,281.23280561118213
5337,92.19387913751555
5338,674.2039238569027
5339,372.6332365148296
5340,473.17689154593154
5341,1100.4786423617543
5342,2336.043247048612
5343,1178.1532707000804
5344,514.90621910775
5345,451.15617045890156
5346,368.7834289111191
5347,2381.48217784319
5348,1277.3084303281098
5349,897.0960964486723
5350,509.97170706528965
5351,614.4169147606821
5352,937.6838402469051
5353,641.7833482526732
5354,-25.941901713522874
5355,1587.547690324073
5356,609.9301714408995
5357,1406.8117362865137
5358,1170.9876173914404
5359,688.9900731628627
5360,2017.8166438282935
5361,590.2956637425569
5362,224.72731118006413
5363,361.0015963037998
5364,1608.8024981922608
5365,248.58831749733628
5366,929.9638842985817
5367,532.9228010676765
5368,1816.39162247449
5369,1136.6935114490714
5370,1917.2994518572493
5371,232.536340508054
5372,692.0987336390427
5373,294.99654364776063
5374,2137.357807912468
5375,674.1387185934916
5376,1690.1683271417714
5377,1107.1635109831939
5378,960.8979125221307
5379,1207.4326531648785
5380,536.2048186087561
5381,663.6706697520826
5382,861.5671205924774
5383,1231.0543183649934
5384,1597.8894460632062
5385,269.59755791874016
5386,1005.0239443390216
5387,417.6765035934138
5388,692.282936048474
5389,619.0194644693258
5390,385.131893080856
5391,400.59665829186014
5392,148.9716785105278
5393,90.3503953920029
5394,829.5391800049848
5395,90.45918170069382
5396,390.21369895916797
5397,134.12618637227735
5398,454.467061401961
5399,841.8036434345219
5400,345.06474764632287
5401,611.9681580920682
5402,37.15290290350035
5403,1112.933416513223
5404,324.787096481205
5405,1780.4940963561537
5406,204.82229659007555
5407,743.2927144168142
5408,384.9619133239581
5409,426.93051513753704
5410,1794.5345806253938
5411,2108.0388295071625
5412,-155.99943866023474
5413,2015.697029767169
5414,1127.5612786608276
5415,7.981015023142502
5416,492.6733172748732
5417,186.17060547590552
5418,719.7450856012823
5419,1175.735919148236
5420,839.0895154450466
5421,1565.057103495512
5422,1006.6986501462837
5423,1757.1396509501894
5424,309.5016250615275
5425,148.8212892175139
5426,179.81143721355593
5427,59.06400796576599
5428,1774.4124192647635
5429,1272.9022830825004
5430,851.8434143866928
5431,169.77785408167156
5432,240.2374867043967
5433,662.3938275808545
5434,956.4703917854288
5435,338.8456147897977
5436,370.5060022643202
5437,340.91743984602357
5438,648.0296507895104
5439,260.6496997282998
5440,468.24331375486764
5441,541.0732914854995
5442,163.86144999721762
5443,1145.7027232495386
5444,693.4050897154164
5445,261.032471282981
5446,1181.2134539791098
5447,280.1392702926992
5448,104.84643560026475
5449,961.1252986812788
5450,258.1137174866544
5451,174.9802682863313
5452,973.9071494765928
5453,10.708254249783767
5454,712.7276230962393
5455,232.16930164205408
5456,2958.6158823787373
5457,28.271361086729595
5458,92.95270410642443
5459,263.9875709085961
5460,497.94187548965147
5461,-118.31067427731571
5462,671.2816124779827
5463,98.82040693297105
5464,1925.622472553498
5465,2525.1708559755275
5466,150.95533022933802
5467,1282.9751295697647
5468,357.27655390475974
5469,281.0404421015702
5470,1078.6991072118592
5471,707.4566475138772
5472,659.3878383774814
5473,107.2297588391353
5474,263.43742224374466
5475,1014.1019004761113
5476,296.3779698020045
5477,772.4001881753874
5478,1681.6759929013597
5479,307.18482440781673
5480,288.3342192421802
5481,234.60538660028956
5482,586.4170664033826
5483,172.5866395326124
5484,106.406736639686
5485,256.576987210262
5486,1402.7060698512414
5487,380.34832277035815
5488,1351.107385366111
5489,1460.4960813949049
5490,797.7197795034514
5491,1250.8213003608691
5492,315.85366270058876
5493,108.85410876694597
5494,546.3825325383533
5495,1751.2933568743892
5496,632.8849175467932
5497,219.60528806152755
5498,119.48989931156862
5499,714.343751813391
5500,866.593497430385
5501,1098.572993121609
5502,250.2062660797356
5503,858.2403827751198
5504,47.981003531125374
5505,-3.971203395841387
5506,279.4487655086519
5507,259.711876456606
5508,1521.6930384247494
5509,283.4511698849066
5510,817.1817953760846
5511,853.7809371978831
5512,774.205371352746
5513,2210.864028870847
5514,-8.994401023265764
5515,999.2203449548166
5516,71.2218870191303
5517,440.7009886594518
5518,622.5214637688651
5519,1859.8016725655866
5520,1059.0208820047087
5521,194.2603502011096
5522,220.80329172953952
5523,367.0670332102231
5524,168.3857619361955
5525,178.7547925349167
5526,606.75516739996
5527,289.37082290034016
5528,408.679508160545
5529,261.0081110624259
5530,167.17296010441663
5531,428.0967773643395
5532,555.7003101046478
5533,634.8819332206688
5534,1694.7582145216113
5535,40.66846643468846
5536,2435.4075019852216
5537,873.6121333533282
5538,110.93292796143403
5539,438.7934682167925
5540,1219.0466683867821
5541,573.4947491081269
5542,3058.8695311660467
5543,424.56609868325114
5544,139.83634370775053
5545,17.63390246677332
5546,189.2757569676401
5547,359.13215985190607
5548,618.4871606603189
5549,901.3002809282765
5550,959.1624128743337
5551,373.13820020279917
5552,1764.5760033866256
5553,61.63235904961068
5554,-4.778976775900311
5555,337.6492051674416
5556,849.9670185379827
5557,520.9302840102554
5558,1175.7554671008918
5559,2341.9091928132766
5560,765.2158954645755
5561,842.1188253818174
5562,1278.8294156809648
5563,515.8273453469983
5564,992.8245919428937
5565,1136.4618541170278
5566,252.7117080177113
5567,59.09343599196194
5568,1171.913843181583
5569,1225.2440702766119
5570,907.2528061198003
5571,692.1174099838051
5572,686.4509779989165
5573,1420.4888193273573
5574,265.6930253326044
5575,623.0049727935237
5576,163.5636390772819
5577,817.2622136268134
5578,386.59050246463863
5579,1392.6613481308539
5580,1371.1773327204917
5581,-88.452317511962
5582,193.45244356731862
5583,309.81188886998547
5584,169.52636999982815
5585,1022.2434096893245
5586,1393.6521659575642
5587,227.4032036942993
5588,353.4588369976747
5589,211.42892616791718
5590,184.78493098806786
5591,1063.0805834472326
5592,200.17845585707877
5593,322.6452873036182
5594,153.85004844352633
5595,316.04943457474536
5596,58.02790725585454
5597,329.9720868503097
5598,617.0093183345664
5599,773.4485392784578
5600,704.0868879021547
5601,231.62926767293226
5602,434.0268993233294
5603,1085.7517632766906
5604,1219.331480906674
5605,593.3655043436747
5606,292.86741469285795
5607,188.93213268043996
5608,242.0291112287439
5609,333.64874892184486
5610,512.7787683788657
5611,300.9845735957137
5612,173.662296927917
5613,237.51872823975597
5614,1460.755899862872
5615,118.49015490874416
5616,1270.7503415363167
5617,76.3140023976312
5618,268.68394389137677
5619,736.7784679149601
5620,1339.6076991418133
5621,2088.2239053016674
5622,1450.8222550943506
5623,1341.7272338476212
5624,735.4844506655745
5625,91.4838349419368
5626,745.6056847610486
5627,486.7363464700585
5628,143.48641178898075
5629,1284.8521637583942
5630,501.48600487484003
5631,1337.0901511218647
5632,648.1723479381803
5633,862.7141678112922
5634,593.5476444977976
5635,1453.5398041716333
5636,729.6269618951711
5637,342.6412521422941
5638,824.876512436062
5639,240.94368527049497
5640,72.53857412162289
5641,166.31237115342708
5642,844.3670589908711
5643,1158.303888832984
5644,1652.443193221849
5645,552.8782722433625
5646,1400.600011435184
5647,681.7022216574029
5648,218.29326057180074
5649,986.9096887042558
5650,182.1818396253034
5651,718.1170426792354
5652,15.191477432323284
5653,75.0564443127587
5654,243.51077860374056
5655,678.3107855809375
5656,469.35807808987016
5657,441.6341780172394
5658,769.173630723757
5659,591.1376525223551
5660,1371.1521673919524
5661,1110.9401791829537
5662,188.53183469345396
5663,106.74571533363425
5664,1681.7648674945349
5665,189.01541054243592
5666,1131.2991799496442
5667,1876.2315172454382
5668,216.13095911800235
5669,1039.4660008956757
5670,1989.5165131473652
5671,732.6534329908826
5672,77.01442490991661
5673,207.83347650105074
5674,1813.0715581064137
5675,1162.3996266028378
5676,1297.3770055420687
5677,171.4154871417475
5678,570.1985130942883
5679,274.9447097665782
5680,118.28998964904036
5681,2168.3603038926813
5682,2004.713811937033
5683,284.1512628226886
5684,246.21902626861234
5685,672.3300606102223
5686,1143.4128740222027
5687,369.21350382454784
5688,170.27146350557297
5689,1814.9198918723928
5690,634.1062315488134
5691,1227.9274592447503
5692,327.02418740486536
5693,1661.8812183363345
5694,1412.086089675143
5695,433.0000190208645
5696,92.21753225955445
5697,230.9223904379411
5698,1244.5899588555042
5699,1632.3595270199405
5700,196.55795668868743
5701,559.9412901155862
5702,494.5291076834278
5703,646.2577260408444
5704,451.31815264029683
5705,415.82559641526257
5706,600.3107792014133
5707,619.3812120508735
5708,2231.8267245712364
5709,450.852124372071
5710,41.882461097607326
5711,684.8805252864308
5712,1233.380143135063
5713,244.12956630946974
5714,206.78428185756312
5715,288.6742434837426
5716,1123.5361571925646
5717,419.25597818774787
5718,152.35733051048285
5719,1081.74064908699
5720,1467.1549830916683
5721,1770.5637324861855
5722,1942.9771344847409
5723,372.0182842774741
5724,562.8248606645045
5725,1426.0662770985489
5726,1078.9109135621447
5727,548.152395756179
5728,311.3722122418288
5729,770.825733434049
5730,2527.2788343360635
5731,69.00525602121697
5732,549.0595629714082
5733,293.20621680441775
5734,135.18672206845085
5735,459.81714180848076
5736,174.3050216317128
5737,93.85920348902967
5738,480.3663725153756
5739,315.82762809851056
5740,200.9859594080132
5741,285.6467166084261
5742,52.76613942737006
5743,1615.1194395468704
5744,1017.4787310090552
5745,673.6003925159536
5746,18.51763164100279
5747,169.56445637819516
5748,1641.7013385216146
5749,126.71721989076514
5750,804.3500959525667
5751,712.6612384735051
5752,748.1915562855539
5753,129.05883374841497
5754,184.2104572584475
5755,657.3837166971588
5756,515.4423009109896
5757,1843.181342839615
5758,1885.9970269977225
5759,318.74002692747797
5760,96.17911811504351
5761,331.2957315755972
5762,75.97452794052838
5763,358.17848757014
5764,249.24320527555315
5765,941.8342366329856
5766,180.64196435845875
5767,382.50504259810947
5768,1320.3112978100055
5769,119.60808638286075
5770,1816.600477761562
5771,239.0730567939217
5772,236.62463946022362
5773,1555.8031759126818
5774,1928.3579153673504
5775,1791.2729028695383
5776,55.81389460282639
5777,1367.4137267990602
5778,163.76471107975883
5779,1343.2891545708985
5780,1008.1502495056435
5781,394.3446609541535
5782,1425.287810028446
5783,234.6618017765262
5784,1935.2312294553774
5785,397.92986106477105
5786,981.6842407389709
5787,922.1501635643413
5788,890.7339976239782
5789,472.10249307044245
5790,1444.7793592200558
5791,1140.3427692194473
5792,917.8470264147882
5793,341.53022820933455
5794,912.5570269676899
5795,55.17051065262032
5796,16.403226619541478
5797,149.03345431749545
5798,1048.9763941849476
5799,1489.9439172463433
5800,1398.2774590485021
5801,271.66272176866437
5802,886.1978813772175
5803,949.7085636777658
5804,1595.615890022141
5805,548.1873351557267
5806,1078.9750702124975
5807,526.35692617687
5808,1005.3548843906325
5809,670.4217143730209
5810,1784.0348860983884
5811,1216.729435233572
5812,348.5858705784744
5813,1598.5115679097617
5814,228.19770957075366
5815,-82.97786644722963
5816,1293.8420116102725
5817,1604.9529643814462
5818,2297.5336648286707
5819,54.58755401755564
5820,497.79583061047117
5821,36.955847248083685
5822,124.15710121265037
5823,732.9997475737126
5824,372.24495456105325
5825,111.26060998905999
5826,919.7442167625908
5827,917.0293144334577
5828,604.2174962039088
5829,274.30895095826577
5830,243.59119932601607
5831,126.7590855796062
5832,906.6207243338472
5833,684.158627774598
5834,1404.3004590583143
5835,162.19716530271708
5836,865.3689588889819
5837,658.2500958928624
5838,749.9337648667463
5839,506.0457166799448
5840,948.3082520962195
5841,543.5572656059251
5842,1587.0304197308446
5843,1781.1170404662462
5844,477.3384203710089
5845,1353.5013466381558
5846,101.66203515258825
5847,1583.8938153205568
5848,2213.2879191264424
5849,-192.01669096411146
5850,878.1560675250684
5851,1155.9313477517926
5852,683.3357491883954
5853,203.54869176149055
5854,392.0267787108422
5855,509.62682220896363
5856,1216.4414327578122
5857,506.4869295928127
5858,389.9447361475961
5859,223.61309952176322
5860,1665.886791881291
5861,239.27363844916633
5862,836.1061202553894
5863,32.99059603697262
5864,1156.1265560192942
5865,133.29177731718505
5866,3040.722283654118
5867,722.0364696089026
5868,447.32859567433434
5869,104.08826320591078
5870,210.6696180568741
5871,232.83672886789856
5872,1408.3682539956933
5873,893.1805847429762
5874,798.0727885705146
5875,121.22198440665066
5876,53.02124275410073
5877,938.2245655871486
5878,1480.621992941557
5879,134.86224457500143
5880,11.475857026383867
5881,31.30901832126063
5882,-7.774049836373421
5883,1041.0201080122642
5884,759.8260152461154
5885,143.5435151058066
5886,320.5548483950946
5887,232.50163340772468
5888,383.7082093936699
5889,940.4361236502848
5890,229.89200167620925
5891,413.54469960893505
5892,1442.498375198633
5893,159.13401541719534
5894,594.3240298807524
5895,91.83870865941718
5896,9.654524679640051
5897,184.98461318284987
5898,420.6970744052231
5899,315.82372162727404
5900,161.58883155772037
5901,371.99806047906
5902,159.77504266433343
5903,1424.4421878846294
5904,1133.911574956457
5905,437.76813956662426
5906,299.81113665010275
5907,419.2990743791836
5908,140.52073311982537
5909,1021.5593750281608
5910,994.5115008228868
5911,644.3347236968632
5912,-143.10457841892506
5913,134.62991980764997
5914,211.10353621126296
5915,1289.023583025243
5916,805.1654636877528
5917,709.3624318708221
5918,1231.9488476246956
5919,1792.9455807758882
5920,946.4873763410349
5921,568.5625465819472
5922,290.2437184047828
5923,846.1481515441316
5924,204.98231427916056
5925,2155.967770766838
5926,909.8182118646243
5927,69.12293196113497
5928,468.10409724495054
5929,1609.3130303445998
5930,689.1992327598144
5931,146.16758164511612
5932,98.1355914962568
5933,1455.2584388041612
5934,520.4435270795143
5935,57.96363121168459
5936,2038.7881499541627
5937,440.42000735219375
5938,554.0779908200338
5939,230.14537188751643
5940,550.9306029675184
5941,1929.0781172562624
5942,590.682707108232
5943,1208.7891989842506
5944,105.03914237311484
5945,344.2887578284897
5946,1716.1109681878638
5947,100.15995233006068
5948,200.14340703509217
5949,536.7711360647922
5950,785.2307637342451
5951,49.58538855481925
5952,1241.3658472852546
5953,131.98252582776732
5954,590.122117739431
5955,265.20067832249765
5956,445.5647593261015
5957,1447.1377716745226
5958,323.33406457196736
5959,900.7959459151341
5960,682.7652242032649
5961,275.8431345000598
5962,1409.1589009254453
5963,125.49487046540256
5964,86.68087113699484
5965,363.8480441926731
5966,807.5468229721282
5967,300.0102846836731
5968,104.64773939025986
5969,1427.632646403453
5970,870.5727260635514
5971,787.1578839138472
5972,451.70329873634995
5973,382.06799569491585
5974,173.26957043695842
5975,170.9940346113398
5976,176.30396110148538
5977,232.49463871095264
5978,875.7667882367132
5979,137.3766336064115
5980,232.41418370605254
5981,134.25955175897866
5982,146.9957365659431
5983,67.04391842868745
5984,1049.7477290457423
5985,1277.4874175456764
5986,297.3454080347375
5987,981.3271950769764
5988,180.797715351947
5989,229.80282264529623
5990,1393.7448173893467
5991,194.70832527180687
5992,1168.1396250939113
5993,231.5160823778845
5994,455.97168979404665
5995,862.5238485341164
5996,319.0945391675386
5997,452.14851021477585
5998,2020.9819828824068
5999,270.60040605320756
6000,336.620682478513
6001,2108.225064536839
6002,297.5860251761108
6003,217.0545382264852
6004,788.2609983067442
6005,736.5387742009891
6006,-36.54418787792503
6007,49.8034522938627
6008,1592.0878599872888
6009,2.647526436480182
6010,768.4883800634055
6011,746.5308351884678
6012,101.87798292530886
6013,1437.9350029894906
6014,99.51023841991062
6015,222.3903759892971
6016,747.8900584907514
6017,313.26362873577546
6018,88.79438673389275
6019,734.1110788603962
6020,214.59342230675335
6021,895.883818873098
6022,1754.0063861773708
6023,966.138266816356
6024,1798.539188056381
6025,361.1901403874523
6026,698.5090617319498
6027,851.7531108953303
6028,909.6113624790038
6029,216.0725922465182
6030,849.4565699865805
6031,113.56273229827957
6032,873.8595557294643
6033,162.63410023334217
6034,1036.2299811892985
6035,147.68590925177546
6036,940.1630679907216
6037,289.52964008420093
6038,1535.8715760217056
6039,1441.9200706962993
6040,189.79188768853595
6041,1165.7025261874717
6042,61.26670059439428
6043,273.1852790785866
6044,631.8090276459503
6045,145.20058759976396
6046,629.6193887938862
6047,523.2183588591475
6048,358.1593286099714
6049,227.11673658967803
6050,1719.5872810150076
6051,295.0243415003818
6052,163.0003076119711
6053,2789.0805958650494
6054,74.09221387962705
6055,792.364816994355
6056,134.7054152875987
6057,380.69358512855797
6058,1981.9798017803282
6059,1488.101346959508
6060,655.861369930435
6061,1097.4181765083845
6062,193.15851124564222
6063,1051.9697112262938
6064,287.37737839083906
6065,43.15986370875263
6066,92.09480432841369
6067,636.0047070040418
6068,1238.9878943378635
6069,1194.3574238641797
6070,335.57882991077935
6071,1051.8125699700865
6072,817.8169675024986
6073,1478.0249879723633
6074,178.42219739712993
6075,49.27965937205529
6076,249.06131537688535
6077,749.5432588956076
6078,390.4926959443555
6079,315.50800169651035
6080,196.8474210789906
6081,868.4914101797584
6082,1591.0091372776842
6083,250.2165317268194
6084,1095.7317679233392
6085,49.50167334323404
6086,315.75612431641093
6087,934.3836584811254
6088,138.15783255978252
6089,520.3980453854608
6090,281.8190071190587
6091,1808.4924527126168
6092,21.318348839614103
6093,159.33669639450548
6094,955.4170535727847
6095,25.68550618198159
6096,-29.167174080155586
6097,1910.1569320707888
6098,373.60242025373844
6099,62.85159103148333
6100,554.2040490716138
6101,1007.7486707945943
6102,997.1369926813056
6103,388.9058591572339
6104,116.05683422229103
6105,783.6515084192696
6106,1159.5350883216427
6107,97.63077207323566
6108,582.3162850750286
6109,67.52137083508013
6110,84.47337210982542
6111,344.8832985030368
6112,396.8983336354209
6113,1220.8341704818397
6114,1372.1524410769464
6115,433.1339006377161
6116,821.2565180809426
6117,1750.4994447251665
6118,148.5223634823834
6119,89.2623722291463
6120,1259.3951228288033
6121,115.99646067586369
6122,74.84479951607572
6123,197.31042328244123
6124,846.1408257050331
6125,303.0191719383151
6126,247.64277508655448
6127,1137.9134621912187
6128,470.00716721811654
6129,262.1769797514153
6130,406.4123260964991
6131,1238.513813674963
6132,343.0385999118129
6133,1560.6225331547505
6134,38.312502012001666
6135,1791.2862620505555
6136,1330.3182848271508
6137,329.87510720759894
6138,1285.4479701612659
6139,321.271794061421
6140,1607.497489911268
6141,1260.816198816191
6142,993.1814932543277
6143,288.48466845372286
6144,82.95678451752886
6145,162.73765991629446
6146,1288.2262756438975
6147,597.679014191479
6148,639.7157904028038
6149,339.5049544640868
6150,736.5180084950448
6151,564.9409255871649
6152,1205.9545043274818
6153,694.4839930119716
6154,-122.40850462708723
6155,308.08015891288346
6156,607.897264980998
6157,1143.2430915216205
6158,1322.2999177105432
6159,-84.04940439745235
6160,768.4866985117028
6161,207.10639620182175
6162,232.63119734182152
6163,225.68145558229747
6164,152.7332074228949
6165,409.0365145799346
6166,5.248614492215508
6167,846.4241624487545
6168,318.9400017728677
6169,806.1476824818468
6170,952.0379339999336
6171,932.9038410570937
6172,1778.759936652764
6173,276.708655715191
6174,2017.6265251304285
6175,337.4872878008431
6176,331.1836202906307
6177,2454.389422755922
6178,1776.7779265931463
6179,858.0034475425491
6180,222.1647257486969
6181,171.49647826953188
6182,492.38055175653824
6183,1136.474327779628
6184,619.8084249382807
6185,964.7123832628758
6186,939.5985156724663
6187,1188.9398420902603
6188,453.5723284691127
6189,176.61511564340546
6190,1030.445622665556
6191,225.12011601216287
6192,245.3836579517576
6193,2308.2296066802865
6194,64.71112094253056
6195,2104.2392234178183
6196,267.8707529397965
6197,1084.0877690451548
6198,1043.8582553934766
6199,1524.511923915628
6200,2209.6406263026747
6201,470.51586510215566
6202,1188.5454685093384
6203,384.54342999352536
6204,801.7288201003826
6205,1009.3099781925263
6206,1216.0685065851478
6207,851.5454968221239
6208,1574.0070684334273
6209,2749.8846992177278
6210,1729.1862003799274
6211,1668.4756794701789
6212,1506.0517769033404
6213,1120.5252318815224
6214,196.96935817043885
6215,-16.188551198982186
6216,422.11029663389917
6217,198.49489973087933
6218,364.1733962391903
6219,902.0529222529249
6220,302.55274710274193
6221,8.413430262641992
6222,343.9109425354398
6223,190.36221094254432
6224,1976.5743854929035
6225,26.543710301689284
6226,353.3639854036786
6227,1208.2357257084855
6228,28.869476696126306
6229,742.1130785928566
6230,933.901442687246
6231,1073.3114754311239
6232,140.4744269844038
6233,377.16909774515017
6234,325.38420050490265
6235,710.6699413558041
6236,189.1107355947017
6237,205.48200470742188
6238,116.28964145360591
6239,132.03703004180898
6240,478.91422194135157
6241,65.64037212992498
6242,33.17493877187276
6243,1397.3887928241434
6244,220.88353191084383
6245,1097.8495775019421
6246,753.5369884570558
6247,465.34218984230523
6248,163.95235195867403
6249,660.7662819904036
6250,563.1202203771421
6251,111.33922259123064
6252,1770.0313858445256
6253,153.2537211163112
6254,367.5282327866674
6255,97.87298374694245
6256,694.882722456576
6257,161.60129274116116
6258,129.0451999320291
6259,94.20179183996706
6260,529.7915752296036
6261,405.8805785208977
6262,95.13486975256566
6263,463.67778139838043
6264,998.1226268665571
6265,261.97060083007966
6266,387.71873668382966
6267,348.08599555645776
6268,882.2674863528621
6269,114.53204912109092
6270,155.46471577033503
6271,375.22503658819295
6272,147.89689542187133
6273,2223.4246041747724
6274,301.4211594075593
6275,1636.5509278194963
6276,375.10709020510734
6277,217.1942868177472
6278,937.0204935152151
6279,2494.620576269077
6280,1129.9690146131509
6281,970.6186756962106
6282,879.1882379833967
6283,271.33243931524385
6284,106.04642616070635
6285,2704.4956257990148
6286,126.05331549172098
6287,455.47514736423426
6288,214.62820007612953
6289,1302.627674502352
6290,1448.4681133106992
6291,14.097543586020318
6292,693.8946475020599
6293,320.8771171396971
6294,26.23935892862836
6295,1384.1841346826643
6296,1222.3853824695286
6297,1056.4078502907103
6298,709.6578757252834
6299,58.40162895681469
6300,190.4710709874569
6301,120.36679079860696
6302,214.46861008205533
6303,337.74787762188697
6304,843.9999027141382
6305,418.5780918256898
6306,1439.4826628524486
6307,325.88394797780694
6308,200.7895095766733
6309,884.9125797882261
6310,133.9665476411866
6311,-64.32378142467383
6312,1925.8348797877716
6313,976.5107507805994
6314,178.7719034840863
6315,1591.6765993292283
6316,237.55029148351522
6317,1887.1222690803872
6318,315.36704419368283
6319,2100.859614397892
6320,1443.5180655924703
6321,369.1145471592473
6322,2093.0759683398214
6323,1908.7793016776245
6324,496.0881761632351
6325,1020.3434353726108
6326,78.6457119251673
6327,316.7052953990015
6328,1797.8904498454635
6329,1041.3022107604688
6330,1166.4597391585016
6331,748.7011568850667
6332,400.7949295612262
6333,14.762466343922588
6334,1988.976989234934
6335,2023.5458086135243
6336,1503.5592333284635
6337,153.7873676655152
6338,1337.493496682938
6339,1837.5714733060254
6340,889.739659282624
6341,398.3685672976329
6342,316.15180109190106
6343,37.73783617781077
6344,1397.5241391206002
6345,1018.5007427419678
6346,24.06517651383757
6347,478.0620431512853
6348,457.1595632432074
6349,913.8895491337673
6350,972.0110987715008
6351,1736.901889928364
6352,669.3667789608226
6353,242.61278989727666
6354,207.26222042853325
6355,1685.468013149349
6356,1411.1217866106697
6357,386.0418033031567
6358,181.63306790781388
6359,670.5872147856641
6360,423.08278290552255
6361,579.8176741527678
6362,2565.2325962295677
6363,990.853651144035
6364,2335.0092804622673
6365,971.083952419924
6366,1868.9270044532077
6367,211.51248331196365
6368,302.71064074487083
6369,189.44919831145168
6370,593.9653404801611
6371,132.93096262032572
6372,2040.1030263312355
6373,571.2996194482932
6374,273.64889483158817
6375,123.3911992930728
6376,179.84764855854831
6377,285.1819346896111
6378,258.2630149440037
6379,1862.2447749612045
6380,1756.7107183817254
6381,45.60729528830998
6382,1713.5462746927765
6383,1267.977265276386
6384,2223.369445588089
6385,619.6412874353384
6386,1001.8607734668552
6387,1627.9539980439922
6388,419.99379318446654
6389,196.71327711908793
6390,725.0751602914714
6391,198.79580744754975
6392,1525.3220695318737
6393,1573.5683467272083
6394,1425.017132423607
6395,840.1742068277964
6396,556.9678522743388
6397,982.6124000386507
6398,783.4338028294452
6399,633.2204237938068
6400,352.34370018247614
6401,2110.7137144706717
6402,178.88835006982998
6403,254.54286835354492
6404,482.1291363190554
6405,1601.0305876657342
6406,66.34327886693372
6407,1402.7887589690677
6408,736.4753814548945
6409,454.06629144437574
6410,1150.5749960184141
6411,1555.6953547441183
6412,648.201208425568
6413,293.5235976162044
6414,543.6992943718001
6415,-5.401591718999335
6416,257.59871269925065
6417,245.54504834254223
6418,540.9934352380999
6419,30.870272926319682
6420,93.30409835554889
6421,716.5018312603493
6422,719.7904749937625
6423,111.22109497589018
6424,1168.5762417252176
6425,-0.5697009949462662
6426,287.49098114017437
6427,44.52622573186324
6428,192.42060222089984
6429,42.82968510548028
6430,1002.2100357206973
6431,664.8960166471542
6432,97.5225888797883
6433,182.73243396661275
6434,64.39131760147053
6435,933.7803066060254
6436,112.84049866108009
6437,512.6440119581171
6438,226.27911304032045
6439,350.66129388237454
6440,258.50176461231126
6441,555.0335081360794
6442,684.4093158735933
6443,538.3586997115843
6444,137.00346295786372
6445,1176.626491641111
6446,694.6334797662928
6447,1112.5442470918565
6448,1918.7447010880405
6449,123.56955349873671
6450,868.9809884672055
6451,722.6004549051045
6452,1687.6599561735338
6453,1068.352319355535
6454,1901.7352970586894
6455,883.9910162878072
6456,2412.0871474146193
6457,2129.589595923251
6458,473.98717067929607
6459,181.95727726825353
6460,1177.158607710943
6461,1860.502456312224
6462,1059.1904311252597
6463,377.53952870839237
6464,1904.966025302584
6465,1670.8763168700439
6466,963.8857891153518
6467,927.0218441222952
6468,72.57751596868675
6469,1953.7936076333747
6470,281.90696499585596
6471,954.9413613951011
6472,346.42653048169024
6473,1316.6636686671764
6474,748.7533815851945
6475,1888.9348512221668
6476,1012.4651823956165
6477,1741.6912499706475
6478,301.7219296736131
6479,408.38639276361613
6480,1235.1673271262086
6481,79.11242762412914
6482,1504.4422055245104
6483,884.6597445366353
6484,289.7247119064679
6485,1527.352847911902
6486,222.22686136895007
6487,309.23109339508187
6488,1317.3700496996828
6489,356.8228837868176
6490,1038.236911592651
6491,436.50870963771297
6492,134.64635754529965
6493,420.2705286379524
6494,277.74560798781863
6495,270.25909969534916
6496,61.770781750431134
6497,166.70910481839772
6498,246.65063274168116
6499,126.3685333235012
6500,210.00407308985746
6501,939.9305048700553
6502,47.027344598282575
6503,469.94338202906204
6504,527.1610668816669
6505,149.43709726600142
6506,1129.9652890627444
6507,1080.7138784509657
6508,67.56788045144977
6509,199.3625660554794
6510,277.82744518858397
6511,472.2922069614036
6512,237.22691854236896
6513,36.61530495501512
6514,170.7846443361552
6515,154.45524749530878
6516,184.03951829179164
6517,1329.8518875134148
6518,254.3760749710108
6519,477.9106681287103
6520,186.84923515918817
6521,922.4455750605615
6522,115.1459622323049
6523,1883.9109985016225
6524,1115.6678317956944
6525,168.96222007970565
6526,449.20797951171215
6527,1114.2430456857624
6528,596.1763879419622
6529,678.8062542664476
6530,363.69030356330126
6531,176.99404853274166
6532,889.7905508377947
6533,393.8088286855828
6534,183.9311364224889
6535,1107.0542283795396
6536,626.0561556885957
6537,646.9730524631372
6538,291.3246270743066
6539,217.11242504448353
6540,1030.2364504467375
6541,1391.7074961823962
6542,128.03727928917166
6543,681.5454550478541
6544,26.51179247378698
6545,99.57870530267218
6546,-5.74933206940291
6547,128.70863979633364
6548,180.77516811958162
6549,102.5360682451403
6550,441.02760586202527
6551,1028.8676707174366
6552,1890.920033172976
6553,529.894903522557
6554,126.63395763256392
6555,881.9054968058196
6556,702.9908571099645
6557,1042.6097000124807
6558,428.1247841836597
6559,1335.3205062811542
6560,2053.6350776113864
6561,204.14397980862913
6562,182.3548762192615
6563,999.0734207715303
6564,628.3626535970072
6565,364.7373647096118
6566,1423.5545383358906
6567,1147.8308158018074
6568,2166.11421868145
6569,985.3861725465148
6570,1841.0348153539264
6571,324.6215972917959
6572,128.73932118730855
6573,34.56328922589334
6574,96.41139021441181
6575,-187.1083514658439
6576,1036.2360730696878
6577,673.595057770047
6578,123.45040282374674
6579,1677.286608625179
6580,1063.832868613802
6581,224.89269425476712
6582,1131.368143234338
6583,516.3558209898107
6584,470.9238432987149
6585,313.3516550887203
6586,110.71227600976422
6587,27.649329057851613
6588,2813.0126885634536
6589,275.35686015610327
6590,150.68664907400247
6591,36.14960141684922
6592,1053.4992947814033
6593,147.11832171152776
6594,-184.63987540626616
6595,196.43342243276513
6596,508.97151304200867
6597,110.48919669087307
6598,1958.3145314595922
6599,797.9572437213646
6600,223.64824952008706
6601,1847.1501772078877
6602,149.16933461756
6603,182.36628511257388
6604,286.54682331098974
6605,32.451960602475786
6606,41.41579275276672
6607,2414.5831253706488
6608,2405.6944882308576
6609,764.7665171756341
6610,496.8356474179293
6611,1172.3686855858168
6612,660.8684831533419
6613,237.55256366709057
6614,155.0957177699048
6615,830.6834580214877
6616,931.9323794176503
6617,619.019396918787
6618,1505.763389932176
6619,214.99793131828793
6620,1376.7172550047776
6621,262.5166446346668
6622,947.721536140651
6623,1720.0035617984781
6624,431.36109056060144
6625,996.3757134754355
6626,1068.3031262979146
6627,1968.733741934055
6628,703.8388145746915
6629,1606.3634884909238
6630,159.3808854807923
6631,270.3626359613624
6632,118.08362487146101
6633,931.1011323085689
6634,670.1123260223894
6635,1469.6964956669535
6636,1225.9386263217134
6637,207.25252902197468
6638,1146.5141318676751
6639,1876.475293287115
6640,1130.5511783376526
6641,545.8893291470608
6642,146.38374288406095
6643,332.09350393381976
6644,717.8880577988574
6645,177.92300998967983
6646,182.09714328820357
6647,356.2441709501409
6648,157.84553087225785
6649,819.2321988943246
6650,1312.3049005646958
6651,1015.5950864331454
6652,408.5449902585113
6653,1216.3336638861354
6654,169.2912436219978
6655,56.94069993284049
6656,158.56388749778856
6657,616.7972807994286
6658,272.6165240927068
6659,557.4299026842998
6660,1045.0889840830878
6661,1239.289293977932
6662,213.69315350156296
6663,177.13653221790338
6664,1215.1997763545482
6665,129.84521492868518
6666,195.83811562349965
6667,654.7711781124725
6668,185.38490216188958
6669,1636.9632415141782
6670,1249.0360788928235
6671,803.9159600935681
6672,2087.744280128186
6673,1052.8171042963877
6674,1086.5947233988597
6675,119.30996617196526
6676,99.0912944762539
6677,-79.20657241972259
6678,1287.5539069905992
6679,1392.1411064824028
6680,1293.5196741838722
6681,125.55001209511484
6682,1514.7668529062048
6683,767.8868560698115
6684,555.858084516851
6685,234.17126064608118
6686,465.1842740930297
6687,172.9299602338628
6688,352.23371250767644
6689,796.2556505536511
6690,-9.982155626860537
6691,27.64256603593697
6692,504.99966384964915
6693,1371.4728451038602
6694,1805.5459073585594
6695,932.287856352832
6696,618.6215831879113
6697,616.3390163686084
6698,1708.824987841652
6699,871.1347875253916
6700,1100.6307895216305
6701,1862.2669799852638
6702,78.59021554278696
6703,60.383710998457225
6704,328.38660494257243
6705,75.74243277721267
6706,1169.8179466805254
6707,2228.9559622512365
6708,49.322251078147495
6709,1.4408890362296325
6710,592.5568378631899
6711,477.0338265593781
6712,95.51254655818084
6713,471.49739420611417
6714,126.13510092270772
6715,947.8356176164967
6716,437.25972778561055
6717,217.67813974779904
6718,243.70867849931048
6719,951.0128074106345
6720,1780.2099018954623
6721,178.64432252799494
6722,1363.5538613543151
6723,285.6309143618672
6724,-44.16215677615681
6725,114.87721760921144
6726,705.7465024900137
6727,1094.7131489859921
6728,1691.8809829548136
6729,25.373110453013393
6730,269.1659235738345
6731,2170.0381812467513
6732,78.10599245795801
6733,2191.0798241681505
6734,597.1937365659721
6735,186.05881730578625
6736,1910.9075245380748
6737,1847.6367144313347
6738,548.3998137631045
6739,1177.8798710477793
6740,1188.341186229106
6741,327.50031811849715
6742,1103.2758564163505
6743,284.00380408225226
6744,1752.8489522013847
6745,897.6275574020392
6746,394.45978080863176
6747,1079.1982977211069
6748,271.28422639722504
6749,-72.78112862196816
6750,1040.166837894538
6751,537.4169154222541
6752,600.1124664133315
6753,440.8005633816887
6754,1631.1520250091655
6755,324.0989023173042
6756,158.13440365062314
6757,1440.955230810221
6758,913.705104183406
6759,-46.544670768926686
6760,1740.385632432195
6761,2740.042913939207
6762,2122.4305990347016
6763,975.3768074977598
6764,327.03229410535994
6765,831.5481674097019
6766,1271.511250813794
6767,592.1548249772139
6768,396.63550324731995
6769,1026.3848729622964
6770,159.78484428635662
6771,387.76690562105046
6772,1009.7784153632516
6773,46.862118298651474
6774,88.06252511847217
6775,1166.8247708859408
6776,250.71466348172606
6777,30.663218028336015
6778,991.4912827461169
6779,356.45742318146324
6780,1226.719154183304
6781,570.0268479824502
6782,442.0098242568106
6783,914.7393409237375
6784,266.23975565763897
6785,386.5565935236687
6786,247.5694077469722
6787,147.60178860494963
6788,72.57323453354861
6789,340.8581802711452
6790,1721.6678037158215
6791,1241.0753656724
6792,834.8710824327994
6793,339.80527736643853
6794,1310.6947638270367
6795,1297.255313885223
6796,89.52653939833918
6797,779.5140218558112
6798,761.1640111667274
6799,257.52048367288353
6800,836.5602393469674
6801,287.6103537889877
6802,1216.9663483297754
6803,555.6706810611038
6804,1541.7189937089968
6805,202.11225496649763
6806,1215.6875870183499
6807,453.4541653112021
6808,708.3043653268513
6809,1944.1716274864048
6810,518.2482506436404
6811,242.6831385545439
6812,369.5495343568677
6813,1123.3573903428585
6814,1086.4943081939227
6815,325.5102645943327
6816,1657.3814240590643
6817,378.79758741700624
6818,1533.0089175529938
6819,374.1562547363348
6820,1939.886145146964
6821,246.3907808775251
6822,-95.48916231794651
6823,654.4686922714501
6824,242.22625645487167
6825,1057.4393552091378
6826,1941.2955911343047
6827,354.7317260058081
6828,803.6918765607346
6829,205.48279092839047
6830,2353.414395749704
6831,562.7240905158304
6832,171.4046277825489
6833,1281.9741071876467
6834,819.5862946358546
6835,659.220648138226
6836,1137.801742365126
6837,849.4140143534165
6838,-151.0955786045408
6839,316.93984545882637
6840,285.49090529756324
6841,10.185669908665318
6842,360.5429383085334
6843,165.02622956251702
6844,771.5590506488932
6845,892.6953735863773
6846,-39.966449780437706
6847,320.76509176605504
6848,336.7859339466064
6849,225.11952034588123
6850,243.36024989780398
6851,1963.8986838863923
6852,224.940219785479
6853,731.3465471061332
6854,115.68580662706748
6855,1362.2099209009023
6856,185.10774953296058
6857,134.01580018141078
6858,1650.300581998349
6859,1634.9827572151405
6860,835.6607741268281
6861,1012.2584937993976
6862,1553.828069557506
6863,623.2857050180421
6864,58.09433226957877
6865,752.3275401724961
6866,239.8398026409037
6867,539.290621474523
6868,110.12839624755259
6869,978.4442574176264
6870,727.2330917848791
6871,211.15107252678192
6872,1078.3123381662401
6873,67.60969435504488
6874,448.9944207766959
6875,1593.094717758148
6876,657.2665692235583
6877,76.18704568517667
6878,474.7882361991287
6879,309.5411626571317
6880,163.71692898870475
6881,1558.4730568750326
6882,1435.2874562368265
6883,2346.2627878397393
6884,910.9289278897321
6885,169.41684401958835
6886,636.0587850344406
6887,769.4588740810466
6888,94.83672315458736
6889,1057.8574428862166
6890,475.0624297278131
6891,1602.795044683228
6892,326.69497090115107
6893,1274.8926320364144
6894,388.6673122299001
6895,459.00811365410203
6896,501.87529396929574
6897,305.22469149383755
6898,749.954068590003
6899,182.40688945676882
6900,487.915386504108
6901,1094.8962676538815
6902,95.2749805153659
6903,836.377051766605
6904,354.67205533310414
6905,601.0246374004213
6906,1935.805760921822
6907,378.67035390563575
6908,1241.9834276722709
6909,254.87748990348985
6910,1259.285527683973
6911,941.7961452142588
6912,86.36628771970882
6913,1322.701781178113
6914,366.7302971449781
6915,145.37608519425345
6916,1436.0791811231838
6917,271.05095160815006
6918,142.09200563261908
6919,449.7047455759027
6920,139.29204202040003
6921,801.7969180729568
6922,350.14937807074097
6923,936.4390357160817
6924,363.7438612273857
6925,499.8469789566079
6926,2207.683715005276
6927,1436.8254324479958
6928,1739.6950709831472
6929,1114.2507356549274
6930,250.80634313315804
6931,759.4748156445276
6932,354.758811602218
6933,2024.4586197663361
6934,1404.4729386570825
6935,82.77612180238276
6936,-32.96322245490354
6937,162.3559185603568
6938,2012.4603255939126
6939,913.6429534636145
6940,1703.2901243142212
6941,576.6236381459701
6942,111.43122998080618
6943,48.02493973276715
6944,1476.0451021053434
6945,152.54640419743512
6946,315.97120679792084
6947,102.36121660587938
6948,1538.1532251213857
6949,1451.2979082730785
6950,2114.176837545863
6951,2155.1399769820277
6952,2444.406312387267
6953,415.2515190096382
6954,1886.3030651173008
6955,649.1852383845178
6956,1210.1697302589146
6957,357.80221919024063
6958,138.97317707032727
6959,363.5149093398661
6960,1559.1284864899385
6961,447.2187149055325
6962,97.18835959326177
6963,1059.2273338406685
6964,427.11472515445064
6965,682.2554463252033
6966,401.96529619478184
6967,874.7618227209791
6968,243.5385483342782
6969,104.10115569658517
6970,1270.568628134
6971,75.84363223558479
6972,89.44056739016023
6973,908.3123774552263
6974,786.8778942035638
6975,867.0281053791401
6976,1538.6135285358655
6977,215.00369601710457
6978,222.61376912889375
6979,108.28131382044381
6980,248.7275093341773
6981,215.3003136428306
6982,323.5085715968286
6983,388.1079646633754
6984,1920.6423797825257
6985,1464.4483322660992
6986,565.3247026237054
6987,116.76660716465574
6988,269.5994149271312
6989,977.1581782704029
6990,63.087357990196786
6991,853.872768619333
6992,253.72077087142102
6993,225.54337372488862
6994,1805.5609265682713
6995,277.48479565027316
6996,99.83319500821136
6997,1745.9951974828161
6998,722.677734186735
6999,120.45436259941201
7000,445.5608221284603
7001,57.9975802705902
7002,291.8730563744907
7003,941.423203577703
7004,540.4908216574665
7005,454.46468999501633
7006,176.73564801958082
7007,115.70007324079498
7008,353.4390945397885
7009,1483.1141493619166
7010,854.649086519936
7011,1156.6632914965978
7012,39.167239993302985
7013,-16.728094095264
7014,706.501423607192
7015,72.97044234675047
7016,245.83948951682498
7017,169.4830745555062
7018,1300.2012785651134
7019,91.92326127212533
7020,1822.8480431275898
7021,623.024172584013
7022,292.8540772955655
7023,1065.4382566465993
7024,715.5824358942047
7025,2081.05025598691
7026,592.1783089635726
7027,217.77303382399865
7028,1468.7395132381457
7029,2928.270619980632
7030,910.9693035228945
7031,49.871208995011166
7032,836.5647791267817
7033,124.3692168973171
7034,839.2220145153179
7035,-29.975626002168095
7036,614.5162686556234
7037,564.0964254861109
7038,19.348568561862127
7039,248.67062958095727
7040,364.32946202164635
7041,434.3110317300759
7042,853.8345812993527
7043,309.63502884578514
7044,1367.623396015168
7045,129.76793581822906
7046,247.92255740798797
7047,160.47684387813135
7048,325.91041541605017
7049,67.84365624708005
7050,355.1550656125935
7051,191.2166031376592
7052,1028.9433076309422
7053,501.2848782697807
7054,688.3111443461469
7055,875.3952754094798
7056,1082.6857599928833
7057,145.09623338207803
7058,1636.7359118548643
7059,311.77445621757767
7060,94.01054282643938
7061,1929.2911883221402
7062,953.1846827904292
7063,293.1002680797665
7064,1582.2142809269633
7065,705.7349540552842
7066,218.76735904076122
7067,2149.131112379608
7068,1151.3039429252246
7069,1081.9731429245926
7070,320.9055759539346
7071,1096.3073363156805
7072,1451.3178568283615
7073,2111.1442048075382
7074,514.0235819140911
7075,1159.1531948566599
7076,224.3371373040125
7077,907.0021501388059
7078,91.02825720047517
7079,199.07377602979497
7080,226.9121846162682
7081,346.7994712332458
7082,388.0643775770853
7083,1353.7645204168148
7084,75.457526186183
7085,593.1421314976345
7086,174.4459512494908
7087,1206.3167254654124
7088,41.30036387483648
7089,569.9679323717465
7090,738.8319346117164
7091,938.8777815114878
7092,42.82864023922471
7093,433.47925543155776
7094,1431.6685254899674
7095,1366.379033570746
7096,461.23179688098594
7097,815.1850389516677
7098,307.3244464629455
7099,323.6384884617183
7100,1616.6139826226395
7101,1124.200850085853
7102,1100.8502880449287
7103,189.97330282346266
7104,399.75933043629345
7105,10.946559932239493
7106,984.3642390377079
7107,57.57254109731794
7108,785.9045163173197
7109,894.3037564023833
7110,80.93113970512886
7111,1030.5708957499112
7112,370.140896801528
7113,233.6604028050819
7114,92.54029471176207
7115,193.81038908787767
7116,503.9158327338853
7117,704.3345195835249
7118,485.48370534045864
7119,763.1107180246072
7120,1476.096146762305
7121,1480.9355955760009
7122,1708.5831532926725
7123,252.66090792589992
7124,1220.3090762121792
7125,850.7748115701626
7126,2412.689229121941
7127,597.1312569465188
7128,1045.9740075141947
7129,2186.191166086931
7130,376.14355051965094
7131,908.9141864332524
7132,2203.913955586618
7133,592.2656825529685
7134,2103.170170590273
7135,820.0985996019433
7136,75.65207211424593
7137,154.01797188568068
7138,514.1567258914472
7139,1396.6855742236164
7140,-90.64541375592167
7141,1197.059871077275
7142,1649.4050107615583
7143,187.9247993035492
7144,52.46216640043345
7145,3005.7006812810614
7146,1091.9623417067999
7147,1455.9686666558678
7148,1705.0137702048658
7149,630.2035008408992
7150,189.4443896256428
7151,237.19507782747584
7152,229.73222176562956
7153,224.90277344293577
7154,-45.97185157665641
7155,936.838894676289
7156,2231.2766340238427
7157,1339.3773371118707
7158,602.0870100663203
7159,658.1113279807292
7160,1328.378965988193
7161,174.87509782290573
7162,287.3155857167401
7163,392.05285644954813
7164,566.8882228456473
7165,1498.9531878534892
7166,251.55195291316343
7167,622.9611050917727
7168,1655.2825504429945
7169,1288.5176423842156
7170,930.8295911939896
7171,401.68669328484765
7172,92.37346902889033
7173,159.57192811930778
7174,27.269823981112992
7175,471.77750043887784
7176,762.3069793353195
7177,140.83441986920994
7178,3172.9674960611683
7179,531.82412652263
7180,-58.27731514775508
7181,321.01459097160495
7182,579.0134432856967
7183,1127.7062412578282
7184,719.524967746807
7185,2004.2893730231594
7186,308.62483233513825
7187,1096.5260327345816
7188,154.39310294142513
7189,54.21185909838846
7190,1480.17676168306
7191,749.1315817423443
7192,276.8775977325762
7193,268.1408814699294
7194,186.26297975828982
7195,950.0844525635575
7196,516.78759303645
7197,126.9443088037209
7198,350.20680928492936
7199,1447.2073800505264
7200,400.4941838347811
7201,268.72706692199637
7202,68.68303761131742
7203,2125.610988868669
7204,121.32048010217082
7205,673.7410846398656
7206,396.57807279087046
7207,941.4334308409598
7208,-92.91531158932206
7209,965.679050493894
7210,1290.6332480469293
7211,758.5385587824798
7212,155.29790852389783
7213,352.2969749913312
7214,37.671200619299384
7215,269.549963887022
7216,313.3883686753742
7217,1055.05276085903
7218,1320.5251674631793
7219,398.9067636514647
7220,110.82439037916356
7221,1060.362221093484
7222,173.43055894626983
7223,837.4724731350158
7224,171.73070302351917
7225,88.02167047689515
7226,24.12839887873786
7227,772.5266127287291
7228,165.71507850776285
7229,853.9953181133427
7230,82.34770531694889
7231,393.03399437460297
7232,896.0770976312604
7233,165.695685218994
7234,2512.427451737461
7235,996.5314295773329
7236,40.53443321748376
7237,242.3589220882635
7238,1545.3496878632377
7239,93.95115690580484
7240,276.3853905272321
7241,1859.8436585696072
7242,158.42532320724507
7243,594.189960813062
7244,1033.9087565828295
7245,302.29072108017726
7246,12.939070994085016
7247,1009.6931340769958
7248,478.3875851682932
7249,226.24520738997455
7250,480.4939394420479
7251,1128.8661094512952
7252,689.2787702580256
7253,824.7155540836562
7254,622.2690998082516
7255,528.171166521831
7256,110.66949958724766
7257,579.678761030219
7258,1659.102064246989
7259,868.3710974077517
7260,1925.7988029357848
7261,705.9539999997958
7262,252.56957709954054
7263,43.014523109055034
7264,798.3557496076312
7265,1172.312493829797
7266,568.7115120441005
7267,357.7242792246027
7268,428.9006972044459
7269,221.16922607534505
7270,136.53510956297347
7271,338.67170324634964
7272,134.77334737208895
7273,-14.35470522321732
7274,34.95913098771095
7275,148.03261640297595
7276,470.9096723260359
7277,1201.265174082394
7278,467.0063822998835
7279,227.04292098095388
7280,1128.2593918591738
7281,182.75784917045024
7282,635.889002337415
7283,82.60279475511898
7284,1111.617461517537
7285,722.62292696023
7286,862.3048080060898
7287,647.7223511802234
7288,269.7244069720146
7289,65.44972314699837
7290,752.5006887812257
7291,290.608511894199
7292,539.7341188301516
7293,1239.8869111768465
7294,29.945960971313486
7295,979.0297288800587
7296,511.81340769157
7297,918.3741119302907
7298,77.56137736581346
7299,1809.414769142344
7300,81.35922426246128
7301,349.9771525939115
7302,1046.8937901450358
7303,635.8501437150975
7304,156.7735344534134
7305,588.538541138326
7306,763.1689451368397
7307,-140.0663050792385
7308,287.3609203713268
7309,42.78857207948417
7310,1368.536008668832
7311,575.2060852625855
7312,2337.6987218857
7313,805.6871599477605
7314,824.6318195262887
7315,1024.9509736451585
7316,2013.4361943895167
7317,911.9508159313858
7318,1180.4787937256795
7319,93.42547225221253
7320,1166.413924253954
7321,254.49285138759456
7322,1439.3444708551142
7323,333.888318939818
7324,278.9562680392852
7325,-52.17188583277008
7326,573.8694275486816
7327,343.2159593760938
7328,1095.02869211833
7329,263.9106179868063
7330,1385.5704920198546
7331,253.2587215488665
7332,1308.1958276870234
7333,418.6873929517844
7334,40.219231630804835
7335,160.79442518594234
7336,432.4618163247069
7337,1639.3742941289836
7338,607.3357612777015
7339,-100.89102678672731
7340,1913.1303550008488
7341,327.20219510315417
7342,2292.131595715917
7343,2085.346122813699
7344,269.02887429940046
7345,96.84232492090537
7346,416.5000586984292
7347,1544.045403272277
7348,389.6842411407243
7349,2685.9424681983137
7350,839.1118575858094
7351,554.9895314272875
7352,400.8076435821936
7353,623.6223655081044
7354,1096.896630431895
7355,115.96628170768797
7356,348.9129880389542
7357,145.9041012965671
7358,183.90942695363844
7359,-84.0751252821821
7360,790.0904930874625
7361,168.85738383056972
7362,1504.4875750302922
7363,19.199379573500387
7364,228.72855359410252
7365,326.73084162470616
7366,51.272063921181704
7367,-1.4124009639808366
7368,189.94827588444147
7369,21.45042474162918
7370,1007.9509551276751
7371,804.0989082119816
7372,802.5542491601933
7373,570.683942071928
7374,839.7815175908926
7375,182.21500335968523
7376,926.7583006232134
7377,285.83806267746587
7378,391.807134590488
7379,161.09780239514538
7380,1601.5407554041265
7381,1617.4419285182846
7382,120.58230950360486
7383,1783.2623259958748
7384,807.8162554843921
7385,1624.1156728130447
7386,867.2140730681832
7387,2581.9627282213637
7388,1037.7874478900405
7389,1172.2471343035709
7390,176.56666309032772
7391,351.6887754614015
7392,262.1218754629251
7393,194.78251847029182
7394,703.8327806112975
7395,502.72900444905855
7396,175.7067088072849
7397,185.9462845460944
7398,788.4383296631956
7399,100.94119485026948
7400,1772.3402748782
7401,-135.83717982157182
7402,1225.5344146049324
7403,283.6661066405657
7404,530.5847624067624
7405,19.91111014642586
7406,31.881375497950057
7407,162.70107786950075
7408,2070.750360733836
7409,506.3308678858139
7410,195.66846095600195
7411,1038.216988757324
7412,1198.024987749865
7413,1028.5030519047007
7414,320.8554421613009
7415,1146.6253625793306
7416,126.73986772913298
7417,279.15401640891906
7418,238.73337378179568
7419,990.9266477719945
7420,80.0498338872798
7421,2200.0266620410193
7422,191.21357971520007
7423,389.3687025609103
7424,255.85690276071097
7425,1850.9936556717255
7426,729.0826744976289
7427,1251.0378097812059
7428,764.7076860682123
7429,615.4658673856727
7430,91.1501176451087
7431,597.1680020382395
7432,351.59227439876764
7433,1432.7071889058852
7434,815.5740915310216
7435,1373.9664087626932
7436,763.6968933066638
7437,1386.8135400191748
7438,227.5245356001383
7439,110.91583483792157
7440,1118.8673633685216
7441,188.97679648021776
7442,1594.6428106292221
7443,1697.2990987915753
7444,1071.9139557374674
7445,643.5394810636933
7446,220.055670563425
7447,370.13907514107126
7448,97.14007165858204
7449,625.2923836396633
7450,1445.3598442266862
7451,126.85087998972193
7452,740.1914887842777
7453,199.65025283973134
7454,201.83912972443417
7455,-80.23014471958723
7456,1163.3716596518234
7457,190.58267765052028
7458,22.991507520217446
7459,3442.5819581915616
7460,1045.7379347225653
7461,379.0996951274415
7462,1082.8546662744377
7463,1984.9563816438133
7464,281.48027311783034
7465,98.75521900947444
7466,1627.4854038879607
7467,468.87671779145336
7468,769.1869035556136
7469,1326.9499474392983
7470,1996.043221419039
7471,198.16981212746128
7472,340.3964286303114
7473,748.1968036840673
7474,-112.34932827061454
7475,371.4136576070061
7476,2090.546591618833
7477,684.3598708690879
7478,860.8871783854884
7479,1262.58399102814
7480,789.749951116186
7481,154.38891440139207
7482,269.68386565335135
7483,249.83999930300956
7484,1036.1260376169935
7485,119.9071748269016
7486,135.1790460431575
7487,163.96874366691335
7488,1639.2411054412742
7489,-57.8603728380344
7490,41.91421841825716
7491,55.13481684380567
7492,102.66173610386792
7493,508.05722780583756
7494,193.66667035077728
7495,552.0594837589349
7496,317.05331412799075
7497,1162.9653290777037
7498,402.8095826234959
7499,739.0050115248682
7500,657.5216830041471
7501,1378.6437010834964
7502,609.0475214654322
7503,-75.49362544066138
7504,312.3716576068501
7505,165.4583098763898
7506,1321.0848388310353
7507,619.0717880706534
7508,262.11374641087366
7509,53.87367553981813
7510,1212.6754072469287
7511,962.4044068193205
7512,95.66617655335784
7513,958.0831318115102
7514,430.73708911432806
7515,247.88383458081032
7516,760.6394758570045
7517,641.3947003986808
7518,349.573773490166
7519,81.7275564242498
7520,1280.6833845271558
7521,283.68588099998635
7522,713.9870757933769
7523,180.24601506576747
7524,46.436808605905355
7525,210.9631162259888
7526,-50.10774601248989
7527,-64.40229683891039
7528,393.72330307003716
7529,224.37356231314178
7530,847.4741745078527
7531,338.5732644736248
7532,37.89789852295768
7533,1031.0684222881769
7534,279.39575847633597
7535,480.9101947083478
7536,209.5606250566359
7537,311.5302084687766
7538,500.2018575868781
7539,97.3003284216479
7540,368.07543777562364
7541,49.465396738826534
7542,405.09057964241435
7543,726.1215760150221
7544,1443.1570345786376
7545,107.40239021551447
7546,1214.2876100931637
7547,148.0542241712469
7548,449.5348630267894
7549,1082.2127301403573
7550,64.30378433056283
7551,1446.9885874955664
7552,305.84674990910645
7553,81.96782017536547
7554,265.0390075576197
7555,152.18989288388417
7556,117.9035758795971
7557,-41.32509196118528
7558,512.5309087810191
7559,954.6736561505808
7560,1740.8234086519392
7561,566.4196011496796
7562,224.28671170130815
7563,19.15951611948929
7564,105.5725427345463
7565,221.80594838110778
7566,518.0336175029782
7567,2193.0551498209466
7568,207.89542728403046
7569,549.1533654516575
7570,168.00362546335313
7571,1033.4377908639112
7572,1271.1755615496443
7573,292.39376247199834
7574,257.5122576292278
7575,1719.2206695965378
7576,726.1401236291442
7577,30.37477954623122
7578,213.99956481134674
7579,823.616581863006
7580,865.9779468098039
7581,577.1484577302348
7582,1559.233281195923
7583,1415.9101203912844
7584,205.3415980980777
7585,294.4458910011754
7586,685.9137529755153
7587,119.45709549368794
7588,212.40402084130443
7589,643.4614996967224
7590,1510.2290312043342
7591,194.77129903623512
7592,615.0293439787451
7593,213.39190264395828
7594,1383.05102965638
7595,215.91443190658674
7596,1678.2887492831117
7597,0.11141048159177866
7598,-73.97911781311826
7599,349.9382418285977
7600,1625.2575700960515
7601,947.7520085941977
7602,1492.9198942264418
7603,2075.2104940648255
7604,1438.1644112602203
7605,989.5538394174149
7606,520.7453504699986
7607,188.29171698679326
7608,179.41941621556717
7609,167.3820332233312
7610,1730.2985805883595
7611,597.0027213865772
7612,2064.5410868523936
7613,928.5286152850255
7614,153.8878083507152
7615,57.6267483158088
7616,363.9584532859788
7617,-8.586614782277671
7618,1366.5257357785206
7619,513.0628478077481
7620,218.74592028530734
7621,225.37889973382883
7622,765.2387087735154
7623,1046.4008757937588
7624,399.6009872626962
7625,234.75290054775016
7626,889.6340366278713
7627,730.7898260245205
7628,1997.0647259583498
7629,132.9467095213688
7630,384.2546571689921
7631,770.1440022670347
7632,1336.8996400743688
7633,1037.6195094377608
7634,409.2482578502532
7635,1550.9408790055468
7636,698.8960570706199
7637,1848.321232763216
7638,11.895101882677592
7639,190.44663623114081
7640,1581.07009631874
7641,-20.386274134425534
7642,267.0863683996549
7643,102.19978600615262
7644,321.58965626376727
7645,163.292957033435
7646,192.21499009608428
7647,-3.9341314376617973
7648,89.86897579500253
7649,1529.6236095610977
7650,368.62799850003626
7651,844.696284770839
7652,2152.0132604500036
7653,57.039377617380595
7654,753.493798245963
7655,432.7952994929727
7656,160.669587240161
7657,30.692811108103175
7658,346.06300789280067
7659,88.09992261986179
7660,944.779728553885
7661,275.399781861111
7662,301.7616305621238
7663,781.9977555516251
7664,130.38846186937133
7665,199.58639700021257
7666,505.26551123695856
7667,32.56725691238567
7668,66.26699783780218
7669,2303.910739767421
7670,2171.6970196961456
7671,807.2565611475369
7672,61.50738359395444
7673,690.3822125805101
7674,342.90540062938373
7675,182.20112961315328
7676,233.18018955164948
7677,445.15434775903327
7678,845.9256688340203
7679,173.4170092508894
7680,988.9811890454645
7681,1480.104311284249
7682,409.1250625814194
7683,69.83434014917329
7684,808.4807988470394
7685,2223.8569317367333
7686,601.3597792471901
7687,232.94750098706095
7688,1751.7070632181171
7689,196.0823202677486
7690,338.8658449918527
7691,542.0957250970459
7692,1293.1317948761819
7693,1987.0462948255033
7694,347.41146504374854
7695,453.1992357988066
7696,71.76197585087512
7697,756.3283401472282
7698,1169.7053642001815
7699,-108.8170337429733
7700,-54.27993681626365
7701,1358.276008680907
7702,305.5635124704419
7703,1655.8149985214745
7704,1547.4435520116272
7705,185.73222586163155
7706,1220.8499768312925
7707,623.1032286719964
7708,1186.1142202410574
7709,80.6085964617252
7710,53.24113909618005
7711,296.80653851042666
7712,1885.6454425320455
7713,239.03935510323933
7714,201.0429188154896
7715,673.6126678755797
7716,225.76613585945992
7717,288.34899872573163
7718,1863.2507048687658
7719,517.5490874131475
7720,1582.12897097415
7721,471.93141446955195
7722,177.9613230933097
7723,557.4710312186229
7724,192.31367179522786
7725,86.99948248861827
7726,-60.899396745091515
7727,214.17591335327322
7728,1389.8626329524468
7729,1065.3125067657677
7730,182.66269439820337
7731,692.2958727610882
7732,1217.07432490695
7733,359.217785875154
7734,1107.0865802937892
7735,1038.083584648674
7736,201.46441407890927
7737,190.256516172946
7738,2434.2118879112954
7739,696.1342538641861
7740,324.5709750016707
7741,675.7234833060464
7742,226.12685801943698
7743,947.0886354501282
7744,219.21121114114538
7745,945.0396749232177
7746,938.1388293897733
7747,235.73576536393435
7748,618.3837920760096
7749,-134.65797143253857
7750,129.93368381552315
7751,1769.6049091031896
7752,77.94899636908642
7753,1420.7416837095711
7754,1037.389606129312
7755,285.8473065240708
7756,430.1076141735065
7757,87.51188096722716
7758,969.7122389695572
7759,550.9684236154094
7760,2071.4496119309097
7761,639.5850485743316
7762,1000.9606298177738
7763,98.35450581564923
7764,0.5534247402161436
7765,122.1321675439573
7766,1864.724676724736
7767,846.261360043165
7768,151.5539096936492
7769,-40.59944844571088
7770,578.704983112944
7771,160.10049614406554
7772,275.8914256768641
7773,885.7615411872886
7774,307.0480712438593
7775,616.1044107332124
7776,650.9344165921601
7777,588.3044983838411
7778,1314.9691732694741
7779,1118.1661169539107
7780,942.5237191735642
7781,-125.57607367439873
7782,343.49059821522155
7783,232.86452303087486
7784,1413.9068572580477
7785,381.01797158651857
7786,2169.8334599063596
7787,1305.7186249359754
7788,550.7342432171147
7789,257.0985292188942
7790,1914.9648444614147
7791,266.71416364433
7792,114.92805667383602
7793,543.8667683526799
7794,758.3602190832892
7795,750.3901630139001
7796,1160.0254703571502
7797,1112.810063984808
7798,1721.1045973245134
7799,329.8391914998717
7800,1167.5380730249888
7801,1385.1410787029474
7802,241.89800495564265
7803,489.06310870201924
7804,22.333991734045853
7805,855.7338148831409
7806,1073.4297669063205
7807,1936.4467479513523
7808,1662.8783263872642
7809,143.0180213353601
7810,1954.299463531117
7811,1096.2223786206198
7812,398.6277475973161
7813,282.88913296496037
7814,397.57246661039017
7815,389.19827589530075
7816,1094.3527840410375
7817,784.703983585536
7818,17.489378814424875
7819,740.4603776969931
7820,236.24475512144696
7821,380.7072701104443
7822,1759.9008646051998
7823,1518.08453834929
7824,569.0147273534579
7825,131.79486285054696
7826,934.7580827093882
7827,445.96970451334215
7828,528.3470750462444
7829,1794.9982620355236
7830,309.7954700527673
7831,524.6416011358878
7832,1555.5588662328028
7833,683.0986406632684
7834,-52.166674102225
7835,606.0365187244835
7836,-70.03938387909544
7837,372.62217979758697
7838,600.4976806976147
7839,1185.430432965946
7840,1199.829924070456
7841,1292.4196447545876
7842,194.5357815526769
7843,736.0834959268697
7844,323.76165362646145
7845,1067.4757587973506
7846,838.5224041752671
7847,-7.899454724556075
7848,552.470760607388
7849,1485.1112439440676
7850,135.39130733672056
7851,658.2179789425456
7852,212.65093317375505
7853,96.67370341786395
7854,198.96830114297754
7855,482.29845838432834
7856,1527.1194329965274
7857,2160.108209110699
7858,66.93736273062393
7859,1077.5948204501644
7860,313.3930978472926
7861,985.3784416184176
7862,454.1646292702574
7863,877.9322498241248
7864,13.262289304873292
7865,1157.4909900539221
7866,69.39351581401037
7867,1259.5411009416612
7868,644.8532195421614
7869,737.1643707870098
7870,1688.0862929208488
7871,955.2779342030818
7872,440.32124326797685
7873,972.5537989071607
7874,910.5076039632348
7875,456.12597538177687
7876,290.22138770129027
7877,440.0674762072588
7878,1321.4752989969625
7879,875.8211882416256
7880,1767.8765839834705
7881,164.63372840732822
7882,351.1060043959698
7883,51.36445516214364
7884,245.90126059028208
7885,961.3562126251255
7886,1327.214631634915
7887,1093.5589632581814
7888,91.40499339220763
7889,307.53929308039955
7890,83.70041680531051
7891,21.549542822958077
7892,708.2942250064116
7893,192.79921946818072
7894,67.67731768349269
7895,718.8441612378605
7896,1440.8510001451946
7897,1288.3903680688902
7898,1695.0862042714962
7899,268.8139781380566
7900,412.4626594502535
7901,2619.9505885397816
7902,251.98678599023447
7903,221.85310899699434
7904,508.1046954744999
7905,-0.0040144559111170985
7906,1522.48597858471
7907,367.49659887724334
7908,497.7780204782696
7909,464.4655863938468
7910,116.67357084533994
7911,215.01844761062816
7912,152.72027789836602
7913,1111.5032315744145
7914,1877.3303588077765
7915,528.8042362382471
7916,561.2273770332912
7917,1600.7362428605659
7918,772.0243333510406
7919,996.9701921576006
7920,1010.818695523696
7921,109.19031372716768
7922,695.6606572127051
7923,875.6332111206652
7924,186.96285017735883
7925,1966.9880225967377
7926,61.849575735476776
7927,1696.12738917866
7928,35.09187698706244
7929,693.3619083257673
7930,167.9758834698979
7931,2552.3226170091543
7932,1444.6153544621895
7933,417.6572033485955
7934,152.61189281028348
7935,364.2256698376308
7936,158.340353055776
7937,1232.245979285867
7938,1464.6390593899769
7939,2332.8287191624536
7940,502.0503527932592
7941,1484.4327591536032
7942,1932.517287936718
7943,169.32985839152897
7944,242.15361031679865
7945,328.6378414203338
7946,770.2662878871737
7947,271.30390811214886
7948,249.90373348221843
7949,438.71281324035976
7950,1327.7132816409476
7951,467.6951833818085
7952,106.53331658047372
7953,-50.61970549213335
7954,429.0950781331339
7955,2201.9046907925053
7956,360.2888270639435
7957,1704.309846867501
7958,107.89500205576017
7959,61.03287118378395
7960,900.2582641563623
7961,1128.2433150566424
7962,686.8254482397715
7963,1095.515964992073
7964,141.0601225801106
7965,2077.7855194826197
7966,233.917885368952
7967,1884.5471600807832
7968,830.3825599757217
7969,53.98475249652809
7970,2215.4428495981424
7971,313.14222321145144
7972,2096.749746890396
7973,1528.3626752267749
7974,1753.8599783728093
7975,189.55312727410234
7976,1076.972729461658
7977,197.0526931274131
7978,2085.6618546164823
7979,-9.699485419712856
7980,198.8694851262727
7981,341.8750205265292
7982,128.36426791883153
7983,58.27323806844495
7984,97.2204947948449
7985,1062.856721713405
7986,324.81099423722816
7987,1161.4107388912876
7988,230.05626069347915
7989,1092.6038914511544
7990,83.64763232367834
7991,471.99060349091985
7992,111.71170884164921
7993,1295.3958040223786
7994,222.64504173857995
7995,919.4963819438595
7996,635.2789086708723
7997,1645.3789711272618
7998,173.28717071647236
7999,283.5146592484384
8000,203.35442311654816
8001,339.56945378848076
8002,1429.7024023015458
8003,373.1531158747019
8004,993.4930510507664
8005,93.360453349239
8006,265.99495083724565
8007,344.83050843318875
8008,696.479422666574
8009,151.41565223015428
8010,2109.189297476867
8011,126.97660991891253
8012,874.2365923897911
8013,839.9388365009867
8014,542.1924294778862
8015,2169.627608820691
8016,1838.0805843621172
8017,1226.3565046685324
8018,1071.778737881801
8019,90.67794486964101
8020,596.869529259624
8021,207.41870933451415
8022,786.3125339329181
8023,1139.7455107387852
8024,464.15935388606624
8025,1653.4116028348824
8026,-16.35763863692992
8027,608.9994012599825
8028,689.0267854136287
8029,2019.6401947344657
8030,1799.999114321316
8031,234.84301098997324
8032,372.7732583247813
8033,1109.0471887853505
8034,77.22725250915948
8035,599.0651724813557
8036,854.6662055225343
8037,1751.4278356237962
8038,800.5917439116042
8039,845.0276712674558
8040,527.7465664110209
8041,657.9700777691078
8042,2531.429043481535
8043,1022.2062777549864
8044,352.354914315706
8045,633.588082246249
8046,230.56356046808585
8047,164.20625491466575
8048,1829.0889230500668
8049,356.732480629317
8050,821.5946962274071
8051,977.5916623557417
8052,936.290614034888
8053,22.127776200652004
8054,501.0305288561896
8055,750.2040508309725
8056,24.323638982940054
8057,229.30580946478455
8058,339.57084069116695
8059,1211.769859410735
8060,147.83474845622848
8061,234.76985660526094
8062,1119.9795933192588
8063,888.0628659822045
8064,55.72534632901612
8065,1572.0498805380525
8066,1373.612565479356
8067,539.7526511081638
8068,195.63195566028594
8069,1731.2454492612749
8070,1014.54849995834
8071,974.7210481508408
8072,1806.7389232854566
8073,166.7517584774779
8074,279.3004099883384
8075,883.4464736686481
8076,559.8332533541102
8077,141.84844457533848
8078,52.18785668228982
8079,346.7265367248942
8080,1238.603036425311
8081,807.9947815520453
8082,438.9413893298578
8083,58.23771793065579
8084,984.4674940800182
8085,1140.0283010690373
8086,65.29116630525891
8087,959.4403273784418
8088,248.02272975151854
8089,769.8751252685394
8090,1146.7033302302248
8091,315.0517316047136
8092,2038.2891676753206
8093,206.27376408561224
8094,1865.1895919937037
8095,601.7691407432451
8096,953.0787010431761
8097,271.2243891493959
8098,909.4655429386045
8099,551.4173495978082
8100,484.47984022949794
8101,196.98852474932343
8102,135.48179463243247
8103,302.98450609201086
8104,59.41530397144606
8105,1138.1874626950205
8106,2017.6389779729996
8107,1912.971982884955
8108,1925.5552518180637
8109,349.5781611457409
8110,218.75922404568126
8111,1766.385952021913
8112,109.92822412907117
8113,641.0585865716013
8114,182.71783856059415
8115,133.0425414330975
8116,1714.6206775863152
8117,1929.0550663496201
8118,1358.7069605883041
8119,1488.5405640906395
8120,487.9771072326393
8121,728.506563940572
8122,177.40625518250053
8123,127.32705236823796
8124,381.45939098935617
8125,250.51209060907527
8126,572.1944053844702
8127,751.4027290722898
8128,1792.3968979153515
8129,411.97388314879817
8130,1415.5806418064856
8131,180.26017619790696
8132,684.5023010972722
8133,38.927802540154346
8134,-62.90182279390632
8135,211.10432626246882
8136,602.3687567363161
8137,725.626202642052
8138,37.532070753311096
8139,329.850818255489
8140,359.96251819537775
8141,1600.270752010354
8142,764.6940959017436
8143,952.005535202024
8144,695.2895234784878
8145,424.0690112501752
8146,187.75093232348746
8147,215.86392512351856
8148,200.93522665409532
8149,221.02749418062245
8150,1818.3425256219252
8151,894.3700641367196
8152,1299.3927470768162
8153,303.14939094158615
8154,1285.5153827035786
8155,822.4923553409618
8156,757.8116059558106
8157,-64.16305120232167
8158,406.53299012325994
8159,1179.098504071499
8160,215.41849104068447
8161,360.6891253779602
8162,334.6349572287938
8163,261.6864439304878
8164,651.9602359287691
8165,348.5043092732533
8166,99.72649229231828
8167,196.5943691209084
8168,110.47582338904795
8169,1010.779692223022
8170,629.6519152241066
8171,1229.9859088700257
8172,434.50407690368866
8173,155.3714831277921
8174,1066.0020422789644
8175,1077.929212995885
8176,88.88142432199906
8177,318.8395745326172
8178,586.5823380001201
8179,1074.0129308230078
8180,1079.1700276014128
8181,1680.1473979797106
8182,109.63718553806876
8183,283.11170081253186
8184,1056.2211281295183
8185,557.0600053541174
8186,692.8130449104166
8187,96.81702700433748
8188,542.5450739009354
8189,1522.9310295703176
8190,982.5606757098716
8191,555.1525800982491
8192,480.2070706176932
8193,1358.457519766281
8194,328.3239049405564
8195,176.0630061885088
8196,118.5831372294706
8197,604.9984782918182
8198,755.9653507446686
8199,807.7583252439794
8200,82.94210083028582
8201,352.0114115867934
8202,153.61476783603632
8203,807.8724431638717
8204,232.1520513485412
8205,2264.8409794873355
8206,418.5470268994123
8207,-162.3441795866644
8208,377.31026421536467
8209,1761.3571640677715
8210,798.9480736816781
8211,195.9027660562652
8212,694.6230110843131
8213,425.7131480990898
8214,470.96302140315015
8215,385.8427293855742
8216,604.702497953126
8217,151.69439328071957
8218,582.3691776897812
8219,103.19364880607311
8220,634.4651710142708
8221,20.804670684008173
8222,5.902263155007599
8223,1890.691025170326
8224,812.914196163442
8225,1322.6960362541372
8226,453.64985623045305
8227,312.14174471114563
8228,776.3962346686691
8229,138.9595581917894
8230,52.244859196622556
8231,44.16940137790718
8232,364.4831948608265
8233,787.015751957124
8234,178.8365131926974
8235,888.42289763364
8236,703.8466430200472
8237,650.7724938713988
8238,173.62312493199698
8239,92.47181300953004
8240,945.0146981805141
8241,38.023850410884556
8242,488.4913843617696
8243,20.0140101929888
8244,458.7986623751313
8245,982.0918229134552
8246,260.877186906733
8247,406.7708009634423
8248,186.86368173315802
8249,23.500828954796397
8250,907.4467957205848
8251,1264.0796308077995
8252,342.4553256968847
8253,91.49656349852383
8254,614.0819555276645
8255,768.6605344625827
8256,165.61678690177263
8257,815.9884585620798
8258,203.95773446910047
8259,1751.0657170493257
8260,198.49799707282128
8261,576.5420926289032
8262,573.1392276286547
8263,577.5843053306007
8264,690.4569508977264
8265,1346.408947950196
8266,1216.9266001678227
8267,873.4144256408965
8268,107.14803307979778
8269,563.7367108152824
8270,292.3235008523244
8271,876.4478350909077
8272,329.6568853651014
8273,1578.7934092352664
8274,131.69023726251086
8275,1644.4697405152797
8276,-87.22673479051775
8277,1799.919687148462
8278,922.7957858707658
8279,552.2667526870854
8280,1764.7692662189313
8281,546.5761159196423
8282,370.9896550908025
8283,1150.8604528804042
8284,166.75707104193899
8285,319.3638851174374
8286,296.37000056680597
8287,23.73832741697635
8288,856.2705176842311
8289,1325.9865079970095
8290,1576.192933882335
8291,231.09467615002984
8292,204.23305929053404
8293,994.8148254410078
8294,394.73407597315816
8295,157.94944752135171
8296,261.2926896277019
8297,610.6650036674251
8298,155.3664838415864
8299,736.8901018780472
8300,723.2180002055694
8301,222.6326364611162
8302,535.2065614706953
8303,1.6005546948508502
8304,45.78690692727302
8305,2069.688159659275
8306,974.1998745391111
8307,103.94059159218278
8308,398.8956895867242
8309,206.5897865655459
8310,378.56457961832365
8311,933.9050021185827
8312,439.20542480237447
8313,262.73684674208846
8314,33.59797920750178
8315,231.2923262024717
8316,181.26282435752546
8317,311.50530551369746
8318,44.09103217856938
8319,1322.0258878988025
8320,383.69015121970875
8321,165.16511959227435
8322,88.2087962506319
8323,412.6892358272377
8324,246.4953248382243
8325,470.797781839973
8326,343.3430513384254
8327,10.760329166897119
8328,112.68797009176029
8329,1801.4802441219254
8330,1178.4141178402876
8331,2052.595189947953
8332,195.53748384054595
8333,945.1585942470558
8334,52.15282333161244
8335,276.0009665645643
8336,294.5151908587094
8337,641.3218840331676
8338,1466.7412229211616
8339,113.46622179834269
8340,254.2797768247016
8341,1659.7107475708513
8342,567.4226202199744
8343,2212.506258596255
8344,217.88094303114107
8345,1198.262219240332
8346,853.296261743631
8347,164.59107936362562
8348,278.834761396162
8349,1071.2991289596248
8350,1098.639838270794
8351,48.808270807585025
8352,552.3230920697329
8353,1646.1055222645234
8354,-13.622281393131905
8355,1206.438932120674
8356,-20.95511387098837
8357,1083.306879216033
8358,188.0865415049949
8359,958.9415326754747
8360,68.67028354928814
8361,-4.589985942815043
8362,1270.1315280448634
8363,597.4357085137576
8364,188.7582137417941
8365,506.7564287165
8366,643.8502239846493
8367,1380.8099908631407
8368,1528.3825454913283
8369,283.173746674749
8370,1191.8402462442357
8371,922.4929194907409
8372,217.4993310809304
8373,643.1594338079251
8374,430.9639191751338
8375,661.8201604660138
8376,753.8801373330049
8377,178.31674252984922
8378,1608.6860114768917
8379,978.4122797187914
8380,495.8126455986604
8381,1275.0178227431413
8382,716.7839691958341
8383,1425.611424086315
8384,1018.7938019247723
8385,2066.839471099346
8386,383.66852146267286
8387,1803.8629294793998
8388,875.2790471477006
8389,2298.7564762657753
8390,1054.5890775209261
8391,593.0861258206908
8392,597.9819854380572
8393,863.4537355348431
8394,1091.3676725207617
8395,242.4454915122706
8396,343.3691411783875
8397,463.3173405761171
8398,245.4483871819886
8399,384.4052234543514
8400,522.6282665705667
8401,223.28817792536256
8402,1626.3114060611833
8403,904.6486949731424
8404,256.94911599924745
8405,298.8397331504797
8406,2184.562723134615
8407,73.07574525858489
8408,278.0097244833878
8409,755.4386366603838
8410,884.3158649830425
8411,-10.43110271530747
8412,292.20433420196883
8413,1719.2639441288188
8414,144.03924893378098
8415,648.5723476013357
8416,147.8260981314614
8417,286.5991770060491
8418,250.27626087212263
8419,1256.597292189806
8420,1199.1641272875622
8421,164.620126968661
8422,993.2634621673051
8423,431.2378859696
8424,1272.5376504653188
8425,778.9067613613471
8426,2122.599220981706
8427,597.0339317215665
8428,65.0213644895528
8429,2064.8925843911697
8430,634.9713791514648
8431,274.00609315447196
8432,2195.062479382255
8433,652.3546590462014
8434,277.6997572669342
8435,682.8258762512538
8436,-28.31482122153025
8437,-31.280356780699098
8438,515.3900638857655
8439,626.6527092199168
8440,996.873277560966
8441,219.10515162411
8442,702.8181038848476
8443,193.4055391730999
8444,1096.7783777162597
8445,579.6085215156227
8446,1705.169016400023
8447,33.2044200579389
8448,118.1606487147631
8449,1114.7066921201995
8450,330.48132606450287
8451,764.033174168729
8452,2912.8040608614415
8453,338.22011495129436
8454,438.34050376511084
8455,258.21371653703187
8456,1519.9594093899716
8457,1886.1950270857974
8458,356.5979727714501
8459,1111.8889163453691
8460,1998.0466666931682
8461,215.30005844080847
8462,326.628293191814
8463,366.17633038170305
8464,2415.420827632943
8465,927.0384236470707
8466,1878.0828999886317
8467,48.55331046739764
8468,735.6302355157856
8469,2318.5127533033647
8470,280.70300645885993
8471,1660.284845300871
8472,980.2440439061985
8473,259.01678539959266
8474,84.53108137440955
8475,1546.162794508477
8476,1811.9629722884663
8477,324.8565136478554
8478,1687.0098765139614
8479,1209.1193089380104
8480,652.9674555117567
8481,160.97083909359256
8482,59.92617951537722
8483,606.2127897512892
8484,225.7446129343661
8485,1431.8102779809576
8486,16.871286844861327
8487,303.58659089539225
8488,723.7198418855179
8489,1554.6036178287532
8490,255.5378457474622
8491,667.997989853574
8492,940.0823445655598
8493,176.52087940775536
8494,130.93980659673588
8495,2162.968843658583
8496,834.211190720818
8497,2603.2085109277336
8498,421.4178441527858
8499,788.3905252288044
8500,1574.1703042407498
8501,1770.3238591497463
8502,1226.6833025348672
8503,42.29249954517238
8504,312.56051750050534
8505,819.5231937957692
8506,354.6393227547513
8507,1000.2089983511925
8508,1697.5120774002296
8509,822.1771137829735
8510,1096.7613846730624
8511,-76.02705093697683
8512,963.9325075623066
8513,235.54907258323615
8514,1977.685737634476
8515,424.02979615316195
8516,412.19576979774274
8517,747.7634776108849
8518,1656.4260969900147
8519,-16.13692506559682
8520,1051.2241786842958
8521,1507.1846664790753
8522,914.1548951991837
8523,623.1708405259227
8524,1022.9630755105986
8525,1142.8439332190817
8526,2610.8305004392287
8527,843.1747619886274
8528,1340.5551010706636
8529,118.43731144714171
8530,484.8483223494644
8531,57.590055301839534
8532,38.49176995368379
8533,101.96795680172671
8534,242.0006511058121
8535,72.66419998510125
8536,2327.8845713416263
8537,268.29651744782535
8538,445.0931697768263
8539,351.73254619178863
8540,589.1247994776071
8541,301.19896098668863
8542,115.35714889684711
8543,279.04574033055206
8544,899.008519007206
8545,537.6420753426198
8546,290.0385119886644
8547,1973.4527254786922
8548,2385.4543032757456
8549,671.7696342444592
8550,170.26921527754214
8551,269.6307981570914
8552,182.25178401919516
8553,917.5502135503206
8554,216.74310511125537
8555,1690.8930751054265
8556,182.91551488259248
8557,51.206934261702074
8558,27.681156450872297
8559,181.15838512792368
8560,1933.9650587359415
8561,153.60307390171
8562,274.4030460194685
8563,574.2637610135065
8564,620.4310338950409
8565,1249.3293007099874
8566,189.6886962779062
8567,63.26126123837599
8568,1954.1746314584468
8569,194.98223010385053
8570,351.03085883002456
8571,244.85476845281568
8572,2171.2991645424668
8573,437.03958161298993
8574,753.2778598956654
8575,28.53579168241724
8576,1182.8836008437402
8577,272.5406551240111
8578,1078.57298040854
8579,40.80492375422434
8580,1042.8773677226125
8581,54.50409909271217
8582,187.2571144488737
8583,1145.501701383922
8584,256.72635766576224
8585,1077.4858132087757
8586,98.76617986504485
8587,252.01574298
8588,153.0560123230789
8589,408.02498400976555
8590,1231.1192130502538
8591,102.19957930862252
8592,545.0890860929567
8593,1930.7729384775857
8594,61.8216929553663
8595,117.26039199672019
8596,83.94457179677761
8597,549.1135064993189
8598,2057.404695785888
8599,70.3268516523481
8600,596.5599771479856
8601,396.623379829512
8602,124.47322323014235
8603,222.52286772460835
8604,945.9932668317898
8605,2188.6442813840113
8606,288.94931095187735
8607,867.8761825983105
8608,1119.982207119326
8609,934.1210043301428
8610,1806.2566229695801
8611,331.653659908616
8612,1784.9404445726093
8613,438.55688016680267
8614,2876.767056785964
8615,288.71442417625275
8616,1608.736494164058
8617,490.5756844056
8618,240.28904454602826
8619,104.32774020582369
8620,613.4980613907138
8621,207.50424713940916
8622,214.62393666599004
8623,586.3506874850544
8624,1122.165595275331
8625,267.3316244231446
8626,713.7453046700857
8627,1505.2046649815964
8628,1593.3806198458287
8629,1134.599228107924
8630,850.0439693081673
8631,290.1117687762442
8632,570.0227889088677
8633,1816.583493274913
8634,519.4061114831004
8635,202.7931181435953
8636,281.3963640091078
8637,276.38007445968316
8638,383.13835978629976
8639,170.96262850957507
8640,724.82484672723
8641,48.14519843538876
8642,691.6358707835276
8643,256.79462506948215
8644,1239.8330291388677
8645,526.792578441437
8646,571.301773659472
8647,2015.1214062469057
8648,1282.8471491069677
8649,315.7770861254247
8650,127.54747537860591
8651,1472.8487591476144
8652,-0.6199221942103176
8653,257.70368806875047
8654,886.8170628390761
8655,1730.9251505714942
8656,2176.5652303616207
8657,826.4856295476476
8658,851.5443217175902
8659,170.7787097973192
8660,1119.3268550794535
8661,274.9668484256503
8662,125.21839211051109
8663,1084.7596222132809
8664,1197.8988845876431
8665,619.9728772712059
8666,136.73877150752185
8667,68.54342305097641
8668,1008.5901016842247
8669,82.85677659867059
8670,569.8492526428618
8671,946.9382672632138
8672,59.98906464512078
8673,215.80080151178947
8674,0.9250164014487685
8675,1057.6334575166488
8676,1459.443453388874
8677,841.0270150874373
8678,842.2056980451479
8679,2565.8840672432902
8680,301.7954521215985
8681,2070.4203675462077
8682,601.6533990675529
8683,302.5731653996735
8684,-17.929890822262173
8685,202.3697660382515
8686,1556.5311464195888
8687,1351.8550697658334
8688,241.90836272079702
8689,964.1268771592926
8690,168.92293113506514
8691,738.9231971609829
8692,119.5753437729919
8693,543.7009584742849
8694,817.0916330017614
8695,1698.4349320801684
8696,1100.3609697957675
8697,179.05075230778843
8698,344.38850868754366
8699,147.69875632341663
8700,1662.2942902014843
8701,47.44597572537747
8702,2619.9071005753967
8703,224.63591397762252
8704,921.7726097654471
8705,1349.898629454494
8706,78.87074059282651
8707,552.3301818558834
8708,189.22570028500715
8709,1741.742599370768
8710,1532.4690679272774
8711,127.80128643211873
8712,1831.9821761816943
8713,1013.9805769796344
8714,143.66307175184994
8715,1047.146858005214
8716,418.7823027624256
8717,210.72751968619286
8718,2273.302818736693
8719,716.002174546562
8720,1816.5163491885053
8721,123.22853441525804
8722,287.72996413037976
8723,1171.474329304583
8724,1819.7452679388916
8725,114.44701486835454
8726,190.3070899240005
8727,362.7415588330279
8728,1022.3545385299046
8729,205.57873216294036
8730,1612.6866503454328
8731,1187.9376254028361
8732,196.5981410697979
8733,258.0252023509986
8734,1102.6926731554495
8735,2549.273814858176
8736,232.9815296738098
8737,1565.8698913096102
8738,1392.7873747979581
8739,110.8141330211093
8740,565.4146735034184
8741,542.593431450505
8742,975.0937807036912
8743,25.301614147269884
8744,779.303194895971
8745,1000.0327218926396
8746,356.8908572109552
8747,507.08110346888395
8748,174.77815009099766
8749,368.83257764207076
8750,903.8826248136186
8751,1752.9410076446343
8752,913.4117661903759
8753,1371.1207516216416
8754,299.29852388786196
8755,962.9272051098936
8756,925.698716246206
8757,798.2677022959906
8758,836.9376316928887
8759,314.4413630834016
8760,781.9459618301044
